id;name;color;type;ring;wait;emoji
1;Сокольническая;#E42313;metro;0;2;🔴
2;Замоскворецкая;#4BAF4F;metro;0;2;🟢
3;Арбатско-Покровская;#0072BA;metro;0;2;🔵
4;Филёвская;#1EBCEF;metro;0;3;🩵
5;Кольцевая;#915133;metro;1;2;🟤
6;Калужско-Рижская;#F07E24;metro;0;2;🟠
7;Таганско-Краснопресненская;#943E90;metro;0;2;🟣
8;Калининская;#FFCD1C;metro;0;2;🟡
8А;Солнцевская;#FFCD1C;metro;0;2;🟡
9;Серпуховско-Тимирязевская;#ADACAC;metro;0;2;🩶
10;Люблинско-Дмитровская;#BED12C;metro;0;2;🟢
11;Большая кольцевая;#82C0C0;metro;1;2;🩵
12;Бутовская;#A1B3D4;metro;0;3;🩵
14;МЦК;#E9516C;mcc;1;3;⭕
15;Некрасовская;#DE64A1;metro;0;2;🩷
16;Троицкая;#03795F;metro;0;3;🟢
17;Рублёво-Архангельская;#78787A;metro;0;3;⚫
D1;МЦД-1 Белорусско-Савёловский;#F6A600;mcd;0;6;🟧
D2;МЦД-2 Курско-Рижский;#E74280;mcd;0;6;🟥
D3;МЦД-3 Ленинградско-Казанский;#E95B0C;mcd;0;6;🟧
D4;МЦД-4 Калужско-Нижегородский;#40B280;mcd;0;6;🟩
