line;name;lat;lon;prev;minutes;x;y
1;Бульвар Рокоссовского;55.814916;37.732227;;;;
1;Черкизовская;55.802787;37.744863;;;;
1;Преображенская площадь;55.796322;37.713582;;;;
1;Сокольники;55.789282;37.679895;;;;
1;Красносельская;55.780014;37.666097;;;;
1;Комсомольская;55.774072;37.654565;;;;
1;Красные ворота;55.768307;37.647800;;;;
1;Чистые пруды;55.764990;37.638293;;;;
1;Лубянка;55.759889;37.625336;;;;
1;Охотный ряд;55.757228;37.615078;;;;
1;Библиотека имени Ленина;55.752123;37.610388;;;;
1;Кропоткинская;55.745297;37.604217;;;;
1;Парк культуры;55.736163;37.595027;;;;
1;Фрунзенская;55.727462;37.580220;;;;
1;Спортивная;55.722388;37.562041;;;;
1;Воробьёвы горы;55.709169;37.557293;;;;
1;Университет;55.693290;37.534511;;;;
1;Проспект Вернадского;55.676549;37.504584;;;;
1;Юго-Западная;55.663146;37.482852;;;;
1;Тропарёво;55.645900;37.472500;;;;
1;Румянцево;55.633000;37.441900;;;;
1;Саларьево;55.622700;37.424000;;;;
1;Филатов луг;55.599700;37.407500;;;;
1;Прокшино;55.581300;37.442500;;;;
1;Ольховая;55.569200;37.458900;;;;
1;Новомосковская;55.559765;37.468716;;;;
1;Потапово;55.552538;37.490978;;;;
2;Ховрино;55.877700;37.487700;;;;
2;Беломорская;55.865100;37.476400;;;;
2;Речной вокзал;55.854152;37.476728;;;;
2;Водный стадион;55.838978;37.487515;;;;
2;Войковская;55.818923;37.497791;;;;
2;Сокол;55.805564;37.515245;;;;
2;Аэропорт;55.800441;37.530477;;;;
2;Динамо;55.789704;37.558212;;;;
2;Белорусская;55.777439;37.582107;;;;
2;Маяковская;55.769808;37.596192;;;;
2;Тверская;55.765343;37.603918;;;;
2;Театральная;55.758808;37.617680;;;;
2;Новокузнецкая;55.742391;37.629280;;;;
2;Павелецкая;55.729741;37.638693;;;;
2;Автозаводская;55.706634;37.657008;;;;
2;Технопарк;55.695000;37.664167;;;;
2;Коломенская;55.677423;37.663719;;;;
2;Каширская;55.655745;37.649683;;;;
2;Кантемировская;55.636107;37.656218;;;;
2;Царицыно;55.620982;37.669612;;;;
2;Орехово;55.612690;37.695214;;;;
2;Домодедовская;55.610131;37.717111;;;;
2;Красногвардейская;55.614075;37.742697;;;;
2;Алма-Атинская;55.633490;37.765678;;;;
3;Щёлковская;55.809962;37.798261;;;;
3;Первомайская;55.794376;37.799364;;;;
3;Измайловская;55.787713;37.779896;;;;
3;Партизанская;55.788401;37.748820;;;;
3;Семёновская;55.783096;37.719289;;;;
3;Электрозаводская;55.782057;37.705300;;;;
3;Бауманская;55.772405;37.679040;;;;
3;Курская;55.758564;37.659039;;;;
3;Площадь Революции;55.756741;37.622360;;;;
3;Арбатская;55.752312;37.603490;;;;
3;Смоленская;55.747713;37.583802;;;;
3;Киевская;55.743117;37.564132;;;;
3;Парк Победы;55.735679;37.516865;;;;
3;Славянский бульвар;55.729542;37.470973;;;;
3;Кунцевская;55.730673;37.446522;;;;
3;Молодёжная;55.741375;37.415627;;;;
3;Крылатское;55.756842;37.408139;;;;
3;Строгино;55.803831;37.402405;;;;
3;Мякинино;55.823342;37.385214;;;;
3;Волоколамская;55.835154;37.382453;;;;
3;Митино;55.846098;37.361220;;;;
3;Пятницкое шоссе;55.853634;37.353108;;;;
4;Кунцевская;55.730815;37.446754;;;;
4;Пионерская;55.736027;37.466728;;;;
4;Филёвский парк;55.739665;37.483902;;;;
4;Багратионовская;55.743544;37.497042;;;;
4;Фили;55.746763;37.514035;;;;
4;Кутузовская;55.740544;37.534100;;;;
4;Студенческая;55.738761;37.548420;;;;
4;Киевская;55.743168;37.565425;;;;
4;Смоленская;55.749083;37.582173;;;;
4;Арбатская;55.752122;37.601553;;;;
4;Александровский сад;55.752255;37.608775;;;;
4;Деловой центр;55.750243;37.542641;Киевская;;;
4;Москва-Сити;55.748056;37.532778;;;;
5;Новослободская;55.779606;37.601252;;;;
5;Проспект Мира;55.779584;37.633646;;;;
5;Комсомольская;55.775672;37.654772;;;;
5;Курская;55.758631;37.661059;;;;
5;Таганская;55.742396;37.653334;;;;
5;Павелецкая;55.731414;37.636294;;;;
5;Добрынинская;55.728994;37.622533;;;;
5;Октябрьская;55.729264;37.611049;;;;
5;Парк культуры;55.735221;37.593095;;;;
5;Киевская;55.743610;37.567350;;;;
5;Краснопресненская;55.760378;37.577114;;;;
5;Белорусская;55.775179;37.582303;;;;
6;Медведково;55.888103;37.661562;;;;
6;Бабушкинская;55.870641;37.664341;;;;
6;Свиблово;55.855558;37.653379;;;;
6;Ботанический сад;55.844597;37.637811;;;;
6;ВДНХ;55.819626;37.640751;;;;
6;Алексеевская;55.807794;37.638699;;;;
6;Рижская;55.792494;37.636114;;;;
6;Проспект Мира;55.781827;37.633199;;;;
6;Сухаревская;55.772315;37.632850;;;;
6;Тургеневская;55.765371;37.636732;;;;
6;Китай-город;55.756498;37.631326;;;;
6;Третьяковская;55.740730;37.625624;;;;
6;Октябрьская;55.731232;37.612851;;;;
6;Шаболовская;55.718828;37.607892;;;;
6;Ленинский проспект;55.706780;37.584990;;;;
6;Академическая;55.687147;37.572300;;;;
6;Профсоюзная;55.677671;37.562595;;;;
6;Новые Черёмушки;55.670077;37.554493;;;;
6;Калужская;55.656682;37.540075;;;;
6;Беляево;55.642357;37.526115;;;;
6;Коньково;55.631857;37.519156;;;;
6;Тёплый Стан;55.618730;37.505912;;;;
6;Ясенево;55.606182;37.533400;;;;
6;Новоясеневская;55.601947;37.553017;;;;
7;Планерная;55.859676;37.436808;;;;
7;Сходненская;55.849260;37.440760;;;;
7;Тушинская;55.825479;37.437024;;;;
7;Спартак;55.818200;37.435200;;;;
7;Щукинская;55.809400;37.463241;;;;
7;Октябрьское поле;55.793581;37.493317;;;;
7;Полежаевская;55.777201;37.517895;;;;
7;Беговая;55.773505;37.545518;;;;
7;Улица 1905 года;55.763944;37.562271;;;;
7;Баррикадная;55.760793;37.581242;;;;
7;Пушкинская;55.765607;37.604356;;;;
7;Кузнецкий мост;55.761498;37.624423;;;;
7;Китай-город;55.754360;37.633877;;;;
7;Таганская;55.739502;37.653605;;;;
7;Пролетарская;55.731546;37.666917;;;;
7;Волгоградский проспект;55.725546;37.685197;;;;
7;Текстильщики;55.709211;37.732117;;;;
7;Кузьминки;55.705493;37.763295;;;;
7;Рязанский проспект;55.716139;37.792694;;;;
7;Выхино;55.715983;37.816788;;;;
7;Лермонтовский проспект;55.702036;37.851044;;;;
7;Жулебино;55.684722;37.855833;;;;
7;Котельники;55.674300;37.858200;;;;
8;Новокосино;55.745113;37.864052;;;;
8;Новогиреево;55.752237;37.814587;;;;
8;Перово;55.750980;37.784220;;;;
8;Шоссе Энтузиастов;55.758090;37.751703;;;;
8;Авиамоторная;55.751933;37.717444;;;;
8;Площадь Ильича;55.747115;37.680726;;;;
8;Марксистская;55.740746;37.656040;;;;
8;Третьяковская;55.741125;37.626142;;;;
8А;Деловой центр;55.749100;37.539500;;;;
8А;Парк Победы;55.736478;37.514401;;;;
8А;Минская;55.723200;37.503800;;;;
8А;Ломоносовский проспект;55.705500;37.522500;;;;
8А;Раменки;55.696100;37.505000;;;;
8А;Мичуринский проспект;55.688800;37.485000;;;;
8А;Озёрная;55.669800;37.449500;;;;
8А;Говорово;55.658800;37.417400;;;;
8А;Солнцево;55.649000;37.391100;;;;
8А;Боровское шоссе;55.647000;37.370100;;;;
8А;Новопеределкино;55.638500;37.354400;;;;
8А;Рассказовка;55.632400;37.332800;;;;
8А;Пыхтино;55.625000;37.298056;;;;
8А;Аэропорт Внуково;55.606667;37.288333;;;;
9;Алтуфьево;55.899034;37.586473;;;;
9;Бибирево;55.883868;37.603011;;;;
9;Отрадное;55.864273;37.605066;;;;
9;Владыкино;55.848236;37.590451;;;;
9;Петровско-Разумовская;55.836565;37.575512;;;;
9;Тимирязевская;55.818660;37.574498;;;;
9;Дмитровская;55.808056;37.581734;;;;
9;Савёловская;55.794054;37.587163;;;;
9;Менделеевская;55.781999;37.599141;;;;
9;Цветной бульвар;55.771653;37.620466;;;;
9;Чеховская;55.765747;37.608493;;;;
9;Боровицкая;55.750399;37.609340;;;;
9;Полянка;55.736795;37.618594;;;;
9;Серпуховская;55.726548;37.624792;;;;
9;Тульская;55.709610;37.622569;;;;
9;Нагатинская;55.682099;37.620917;;;;
9;Нагорная;55.672962;37.610397;;;;
9;Нахимовский проспект;55.662379;37.605274;;;;
9;Севастопольская;55.651451;37.598090;;;;
9;Чертановская;55.640538;37.606065;;;;
9;Южная;55.622436;37.609047;;;;
9;Пражская;55.610962;37.602386;;;;
9;Улица Академика Янгеля;55.596753;37.601498;;;;
9;Аннино;55.583477;37.596999;;;;
9;Бульвар Дмитрия Донского;55.568201;37.576856;;;;
10;Физтех;55.931100;37.543600;;;;
10;Лианозово;55.898100;37.549000;;;;
10;Яхромская;55.877500;37.545833;;;;
10;Селигерская;55.864830;37.550050;;;;
10;Верхние Лихоборы;55.855660;37.562820;;;;
10;Окружная;55.848889;37.571111;;;;
10;Петровско-Разумовская;55.836667;37.575556;;;;
10;Фонвизинская;55.822778;37.588056;;;;
10;Бутырская;55.813333;37.602778;;;;
10;Марьина Роща;55.793723;37.616180;;;;
10;Достоевская;55.781667;37.613889;;;;
10;Трубная;55.767710;37.621926;;;;
10;Сретенский бульвар;55.766106;37.635688;;;;
10;Чкаловская;55.755951;37.659293;;;;
10;Римская;55.747027;37.679996;;;;
10;Крестьянская застава;55.732278;37.665325;;;;
10;Дубровка;55.718070;37.676259;;;;
10;Кожуховская;55.706156;37.685440;;;;
10;Печатники;55.692921;37.728338;;;;
10;Волжская;55.690446;37.754314;;;;
10;Люблино;55.676596;37.761639;;;;
10;Братиславская;55.658817;37.748415;;;;
10;Марьино;55.649158;37.743844;;;;
10;Борисово;55.632500;37.743333;;;;
10;Шипиловская;55.621667;37.743611;;;;
10;Зябликово;55.611944;37.745278;;;;
11;Мичуринский проспект;55.688333;37.485000;;;;
11;Проспект Вернадского;55.677778;37.505000;;;;
11;Новаторская;55.670833;37.520000;;;;
11;Воронцовская;55.658333;37.540833;;;;
11;Зюзино;55.655158;37.575786;;;;
11;Каховская;55.653056;37.598333;;;;
11;Варшавская;55.653333;37.619444;;;;
11;Каширская;55.655000;37.648611;;;;
11;Кленовый бульвар;55.674444;37.680833;;;;
11;Нагатинский затон;55.684444;37.703611;;;;
11;Печатники;55.694722;37.727500;;;;
11;Текстильщики;55.708333;37.728333;;;;
11;Нижегородская;55.732500;37.728611;;;;
11;Авиамоторная;55.753056;37.718611;;;;
11;Лефортово;55.764444;37.702778;;;;
11;Электрозаводская;55.782057;37.705300;;;;
11;Сокольники;55.791111;37.678889;;;;
11;Рижская;55.792222;37.633889;;;;
11;Марьина Роща;55.798333;37.617222;;;;
11;Савёловская;55.794054;37.587163;;;;
11;Петровский парк;55.792330;37.559520;;;;
11;ЦСКА;55.786430;37.535020;;;;
11;Хорошёвская;55.776430;37.519810;;;;
11;Народное Ополчение;55.775920;37.485073;;;;
11;Мнёвники;55.761153;37.471390;;;;
11;Терехово;55.748108;37.459738;;;;
11;Кунцевская;55.730278;37.445833;;;;
11;Давыдково;55.715278;37.451667;;;;
11;Аминьевская;55.697222;37.464167;;;;
12;Бунинская аллея;55.537977;37.515899;;;;
12;Улица Горчакова;55.542281;37.532063;;;;
12;Бульвар Адмирала Ушакова;55.545207;37.542329;;;;
12;Улица Скобелевская;55.548103;37.552721;;;;
12;Улица Старокачаловская;55.569194;37.576074;;;;
12;Лесопарковая;55.581656;37.577816;;;;
12;Битцевский парк;55.600066;37.556058;;;;
14;Окружная;55.848889;37.571111;;;;
14;Владыкино;55.847222;37.591944;;;;
14;Ботанический сад;55.845556;37.640278;;;;
14;Ростокино;55.839444;37.667778;;;;
14;Белокаменная;55.830000;37.700556;;;;
14;Бульвар Рокоссовского;55.817222;37.736944;;;;
14;Локомотив;55.803219;37.745742;;;;
14;Измайлово;55.788611;37.742778;;;;
14;Соколиная Гора;55.770000;37.745278;;;;
14;Шоссе Энтузиастов;55.758633;37.748477;;;;
14;Андроновка;55.741111;37.734444;;;;
14;Нижегородская;55.732222;37.728250;;;;
14;Новохохловская;55.723889;37.716111;;;;
14;Угрешская;55.718333;37.697778;;;;
14;Дубровка;55.712680;37.677775;;;;
14;Автозаводская;55.706310;37.663140;;;;
14;ЗИЛ;55.698333;37.648333;;;;
14;Верхние Котлы;55.690000;37.618889;;;;
14;Крымская;55.690038;37.605000;;;;
14;Площадь Гагарина;55.706944;37.585833;;;;
14;Лужники;55.720278;37.563056;;;;
14;Кутузовская;55.740833;37.533333;;;;
14;Деловой центр;55.747222;37.532222;;;;
14;Шелепиха;55.757500;37.525556;;;;
14;Хорошёво;55.777222;37.507222;;;;
14;Зорге;55.787778;37.504444;;;;
14;Панфиловская;55.799167;37.498889;;;;
14;Стрешнево;55.813611;37.486944;;;;
14;Балтийская;55.825833;37.496111;;;;
14;Коптево;55.839637;37.520037;;;;
14;Лихоборы;55.847222;37.551389;;;;
15;Электрозаводская;55.782057;37.705300;;;;
15;Лефортово;55.764444;37.702778;;;;
15;Авиамоторная;55.751933;37.717444;;;;
15;Нижегородская;55.732300;37.728600;;;;
15;Стахановская;55.727100;37.752200;;;;
15;Окская;55.718700;37.781400;;;;
15;Юго-Восточная;55.705400;37.817700;;;;
15;Косино;55.702600;37.851100;;;;
15;Улица Дмитриевского;55.709300;37.879200;;;;
15;Лухмановская;55.707800;37.900400;;;;
15;Некрасовка;55.702900;37.926400;;;;
16;ЗИЛ;55.697915;37.647565;;;;
16;Крымская;55.689971;37.605612;;;;
16;Академическая;55.688080;37.575010;;;;
16;Вавиловская;55.686688;37.543706;;;;
16;Новаторская;55.670833;37.520000;;;;
16;Университет дружбы народов;55.648240;37.507556;;;;
16;Генерала Тюленева;55.626248;37.486032;;;;
16;Тютчевская;55.618801;37.481415;;;;
16;Корниловская;55.599411;37.479586;;;;
16;Коммунарка;55.573540;37.468116;;;;
16;Новомосковская;55.560094;37.469807;;;;
17;Деловой центр;55.749300;37.539000;;;;
17;Шелепиха;55.757000;37.526000;;;;
17;Звенигородская;55.766102;37.509393;;;;
17;Народное Ополчение;55.776200;37.484000;;;;
17;Бульвар Генерала Карбышева;55.780704;37.469844;;;;
D1;Лобня;56.010500;37.475800;;;;
D1;Шереметьевская;55.983882;37.498752;;;;
D1;Хлебниково;55.970682;37.504638;;;;
D1;Водники;55.953419;37.511143;;;;
D1;Долгопрудная;55.938656;37.520542;;;;
D1;Новодачная;55.924459;37.527877;;;;
D1;Марк;55.904458;37.538242;;;;
D1;Лианозово;55.897316;37.553261;;;;
D1;Бескудниково;55.882713;37.567768;;;;
D1;Дегунино;55.865860;37.573235;;;;
D1;Окружная;55.848889;37.571111;;;;
D1;Тимирязевская;55.818660;37.574498;;;;
D1;Савёловская;55.793936;37.587038;;;;
D1;Белорусская;55.775179;37.582303;;;;
D1;Беговая;55.773505;37.545518;;;;
D1;Тестовская;55.754292;37.531551;;;;
D1;Фили;55.744263;37.514526;;;;
D1;Славянский бульвар;55.729722;37.470556;;;;
D1;Кунцевская;55.730554;37.445591;;;;
D1;Рабочий Посёлок;55.726957;37.415577;;;;
D1;Сетунь;55.723713;37.397259;;;;
D1;Немчиновка;55.715668;37.374611;;;;
D1;Сколково;55.699500;37.347000;;;;
D1;Баковка;55.682816;37.315205;;;;
D1;Одинцово;55.677980;37.277730;;;;
D2;Нахабино;55.841522;37.185204;;;;
D2;Аникеевка;55.832099;37.219829;;;;
D2;Опалиха;55.823330;37.246843;;;;
D2;Красногорская;55.814571;37.303337;;;;
D2;Павшино;55.815231;37.341461;;;;
D2;Пенягино;55.822539;37.361049;;;;
D2;Волоколамская;55.835154;37.382453;;;;
D2;Трикотажная;55.833137;37.398967;;;;
D2;Тушинская;55.825479;37.437024;;;;
D2;Покровское-Стрешнево;55.814247;37.476780;;;;
D2;Стрешнево;55.813611;37.486944;;;;
D2;Красный Балтиец;55.815514;37.526367;;;;
D2;Гражданская;55.805527;37.553150;;;;
D2;Дмитровская;55.808056;37.581734;;;;
D2;Марьина Роща;55.800833;37.618889;;;;
D2;Рижская;55.792494;37.636114;;;;
D2;Площадь трёх вокзалов;55.776087;37.651861;;;;
D2;Курская;55.757622;37.660767;;;;
D2;Москва Товарная;55.745358;37.688839;;;;
D2;Калитники;55.733981;37.702203;;;;
D2;Новохохловская;55.718523;37.719236;;;;
D2;Текстильщики;55.708934;37.731283;;;;
D2;Люблино;55.685112;37.733715;;;;
D2;Депо;55.674257;37.728446;;;;
D2;Перерва;55.660809;37.716278;;;;
D2;Курьяново;55.649722;37.701667;;;;
D2;Москворечье;55.641239;37.689789;;;;
D2;Царицыно;55.618309;37.668846;;;;
D2;Покровское;55.607500;37.642000;;;;
D2;Красный строитель;55.589455;37.615093;;;;
D2;Битца;55.571186;37.611443;;;;
D2;Бутово;55.548279;37.555668;;;;
D2;Щербинка;55.509724;37.562008;;;;
D2;Остафьево;55.503370;37.520055;;;;
D2;Силикатная;55.470278;37.555278;;;;
D2;Подольск;55.431667;37.565000;;;;
D3;Крюково;55.979722;37.173611;;;;
D3;Малино;55.969167;37.211667;;;;
D3;Фирсановская;55.960278;37.251111;;;;
D3;Сходня;55.949722;37.298611;;;;
D3;Подрезково;55.941667;37.334722;;;;
D3;Новоподрезково;55.936389;37.351667;;;;
D3;Молжаниново;55.924167;37.380833;;;;
D3;Химки;55.894444;37.450833;;;;
D3;Левобережная;55.886944;37.468611;;;;
D3;Ховрино;55.879444;37.486667;;;;
D3;Грачёвская;55.869444;37.509167;;;;
D3;Моссельмаш;55.862222;37.526389;;;;
D3;Лихоборы;55.850000;37.552500;;;;
D3;Петровско-Разумовская;55.839722;37.568333;;;;
D3;Останкино;55.817222;37.603611;;;;
D3;Рижская;55.796944;37.639167;;;;
D3;Митьково;55.786389;37.667500;;;;
D3;Электрозаводская;55.781111;37.705278;;;;
D3;Сортировочная;55.763611;37.720833;;;;
D3;Авиамоторная;55.750278;37.721944;;;;
D3;Андроновка;55.744444;37.741111;;;;
D3;Перово;55.735556;37.765000;;;;
D3;Плющево;55.730556;37.774167;;;;
D3;Вешняки;55.721944;37.799167;;;;
D3;Выхино;55.716575;37.815911;;;;
D3;Косино;55.714167;37.847500;;;;
D3;Ухтомская;55.698611;37.864167;;;;
D3;Люберцы I;55.681667;37.896944;;;;
D3;Панки;55.668889;37.922500;;;;
D3;Томилино;55.655000;37.954722;;;;
D3;Красково;55.649722;37.982500;;;;
D3;Малаховка;55.645000;38.008333;;;;
D3;Удельная;55.634444;38.043889;;;;
D3;Быково;55.626667;38.070556;;;;
D3;Ильинская;55.616389;38.100278;;;;
D3;Отдых;55.601111;38.136944;;;;
D3;Кратово;55.591667;38.160000;;;;
D3;Есенинская;55.581944;38.184167;;;;
D3;Фабричная;55.572778;38.205600;;;;
D3;Раменское;55.567200;38.226500;;;;
D3;Ипподром;55.560278;38.238889;;;;
D4;Железнодорожная;55.752500;38.008889;;;;
D4;Ольгино;55.751667;37.978611;;;;
D4;Кучино;55.752222;37.954722;;;;
D4;Салтыковская;55.757778;37.923056;;;;
D4;Никольское;55.759722;37.897778;;;;
D4;Реутов;55.751389;37.855833;;;;
D4;Новогиреево;55.744444;37.818333;;;;
D4;Кусково;55.739722;37.795278;;;;
D4;Чухлинка;55.733889;37.774400;;;;
D4;Нижегородская;55.733333;37.729444;;;;
D4;Серп и Молот;55.748056;37.681944;;;;
D4;Курская;55.757622;37.660767;;;;
D4;Площадь трёх вокзалов;55.776667;37.651111;;;;
D4;Рижская;55.793889;37.638611;;;;
D4;Марьина Роща;55.800833;37.618889;;;;
D4;Савёловская;55.794444;37.590278;;;;
D4;Белорусская;55.776389;37.580278;;;;
D4;Ермакова Роща;55.765556;37.535278;;;;
D4;Тестовская;55.750833;37.530278;;;;
D4;Кутузовская;55.741944;37.533056;;;;
D4;Поклонная;55.728333;37.511667;;;;
D4;Минская;55.720000;37.502000;;;;
D4;Матвеевское;55.704722;37.482222;;;;
D4;Аминьевская;55.699444;37.468056;;;;
D4;Очаково I;55.683611;37.451389;;;;
D4;Мещерская;55.666667;37.424444;;;;
D4;Солнечная;55.656944;37.383611;;;;
D4;Новопеределкино;55.649000;37.365000;;;;
D4;Переделкино;55.656111;37.353889;;;;
D4;Мичуринец;55.646111;37.315000;;;;
D4;Внуково;55.648889;37.269722;;;;
D4;Лесной Городок;55.630278;37.219167;;;;
D4;Толстопальцево;55.607778;37.186389;;;;
D4;Кокошкино;55.599722;37.171389;;;;
D4;Санино;55.583889;37.138333;;;;
D4;Крёкшино;55.577778;37.109722;;;;
D4;Победа;55.566111;37.093056;;;;
D4;Апрелевка;55.550278;37.067500;;;;
