line1;station1;line2;station2;minutes
1;Бульвар Рокоссовского;14;Бульвар Рокоссовского;5
1;Черкизовская;14;Локомотив;5
1;Сокольники;11;Сокольники;4
1;Комсомольская;5;Комсомольская;4
1;Комсомольская;D2;Площадь трёх вокзалов;6
1;Комсомольская;D4;Площадь трёх вокзалов;6
5;Комсомольская;D2;Площадь трёх вокзалов;6
5;Комсомольская;D4;Площадь трёх вокзалов;6
D2;Площадь трёх вокзалов;D4;Площадь трёх вокзалов;6
1;Чистые пруды;6;Тургеневская;4
1;Чистые пруды;10;Сретенский бульвар;4
6;Тургеневская;10;Сретенский бульвар;4
1;Лубянка;7;Кузнецкий мост;4
1;Охотный ряд;2;Театральная;4
1;Охотный ряд;3;Площадь Революции;4
2;Театральная;3;Площадь Революции;4
1;Библиотека имени Ленина;3;Арбатская;4
1;Библиотека имени Ленина;4;Александровский сад;4
1;Библиотека имени Ленина;9;Боровицкая;4
3;Арбатская;4;Александровский сад;4
3;Арбатская;9;Боровицкая;4
4;Александровский сад;9;Боровицкая;4
1;Парк культуры;5;Парк культуры;4
1;Спортивная;14;Лужники;5
1;Проспект Вернадского;11;Проспект Вернадского;4
1;Новомосковская;16;Новомосковская;1
2;Ховрино;D3;Ховрино;6
2;Войковская;14;Балтийская;5
2;Динамо;11;Петровский парк;4
2;Белорусская;5;Белорусская;4
2;Белорусская;D1;Белорусская;6
2;Белорусская;D4;Белорусская;6
5;Белорусская;D1;Белорусская;6
5;Белорусская;D4;Белорусская;6
D1;Белорусская;D4;Белорусская;6
2;Тверская;7;Пушкинская;4
2;Тверская;9;Чеховская;4
7;Пушкинская;9;Чеховская;4
2;Новокузнецкая;6;Третьяковская;4
2;Новокузнецкая;8;Третьяковская;4
6;Третьяковская;8;Третьяковская;1
2;Павелецкая;5;Павелецкая;4
2;Автозаводская;14;Автозаводская;5
2;Каширская;11;Каширская;1
2;Царицыно;D2;Царицыно;6
2;Красногвардейская;10;Зябликово;4
3;Курская;5;Курская;4
3;Курская;10;Чкаловская;4
3;Курская;D2;Курская;6
3;Курская;D4;Курская;6
5;Курская;10;Чкаловская;4
5;Курская;D2;Курская;6
5;Курская;D4;Курская;6
10;Чкаловская;D2;Курская;6
10;Чкаловская;D4;Курская;6
D2;Курская;D4;Курская;6
3;Киевская;4;Киевская;4
3;Киевская;5;Киевская;4
4;Киевская;5;Киевская;4
3;Парк Победы;8А;Парк Победы;1
3;Славянский бульвар;D1;Славянский бульвар;6
3;Кунцевская;4;Кунцевская;1
3;Кунцевская;11;Кунцевская;4
3;Кунцевская;D1;Кунцевская;6
4;Кунцевская;11;Кунцевская;4
4;Кунцевская;D1;Кунцевская;6
11;Кунцевская;D1;Кунцевская;6
3;Волоколамская;D2;Волоколамская;6
3;Партизанская;14;Измайлово;5
3;Электрозаводская;11;Электрозаводская;4
3;Электрозаводская;15;Электрозаводская;4
3;Электрозаводская;D3;Электрозаводская;6
11;Электрозаводская;15;Электрозаводская;1
11;Электрозаводская;D3;Электрозаводская;6
15;Электрозаводская;D3;Электрозаводская;6
4;Фили;D1;Фили;6
4;Кутузовская;14;Кутузовская;5
4;Кутузовская;D4;Кутузовская;6
14;Кутузовская;D4;Кутузовская;6
4;Деловой центр;4;Москва-Сити;4
4;Деловой центр;8А;Деловой центр;4
4;Деловой центр;17;Деловой центр;4
4;Деловой центр;14;Деловой центр;5
4;Москва-Сити;8А;Деловой центр;4
4;Москва-Сити;17;Деловой центр;4
4;Москва-Сити;14;Деловой центр;5
8А;Деловой центр;17;Деловой центр;1
8А;Деловой центр;14;Деловой центр;5
17;Деловой центр;14;Деловой центр;5
5;Новослободская;9;Менделеевская;4
5;Проспект Мира;6;Проспект Мира;4
5;Таганская;7;Таганская;4
5;Таганская;8;Марксистская;4
7;Таганская;8;Марксистская;4
5;Добрынинская;9;Серпуховская;4
5;Октябрьская;6;Октябрьская;4
5;Краснопресненская;7;Баррикадная;4
6;Рижская;11;Рижская;4
6;Рижская;D2;Рижская;6
6;Рижская;D3;Рижская;6
6;Рижская;D4;Рижская;6
11;Рижская;D2;Рижская;6
11;Рижская;D3;Рижская;6
11;Рижская;D4;Рижская;6
D2;Рижская;D3;Рижская;6
D2;Рижская;D4;Рижская;6
D3;Рижская;D4;Рижская;6
6;Ботанический сад;14;Ботанический сад;5
6;Китай-город;7;Китай-город;1
6;Ленинский проспект;14;Площадь Гагарина;5
6;Академическая;16;Академическая;4
6;Новоясеневская;12;Битцевский парк;4
7;Тушинская;D2;Тушинская;6
7;Полежаевская;11;Хорошёвская;4
7;Полежаевская;14;Хорошёво;5
11;Хорошёвская;14;Хорошёво;5
7;Беговая;D1;Беговая;6
7;Пролетарская;10;Крестьянская застава;4
7;Текстильщики;11;Текстильщики;4
7;Текстильщики;D2;Текстильщики;6
11;Текстильщики;D2;Текстильщики;6
7;Выхино;D3;Выхино;6
7;Лермонтовский проспект;15;Косино;4
7;Лермонтовский проспект;D3;Косино;6
15;Косино;D3;Косино;6
8;Новогиреево;D4;Новогиреево;6
8;Шоссе Энтузиастов;14;Шоссе Энтузиастов;5
8;Авиамоторная;11;Авиамоторная;4
8;Авиамоторная;15;Авиамоторная;4
8;Авиамоторная;D3;Авиамоторная;6
11;Авиамоторная;15;Авиамоторная;1
11;Авиамоторная;D3;Авиамоторная;6
15;Авиамоторная;D3;Авиамоторная;6
8;Площадь Ильича;10;Римская;4
8;Площадь Ильича;D4;Серп и Молот;6
10;Римская;D4;Серп и Молот;6
8А;Минская;D4;Минская;6
8А;Мичуринский проспект;11;Мичуринский проспект;1
8А;Новопеределкино;D4;Новопеределкино;10
9;Владыкино;14;Владыкино;5
9;Петровско-Разумовская;10;Петровско-Разумовская;1
9;Петровско-Разумовская;D3;Петровско-Разумовская;6
10;Петровско-Разумовская;D3;Петровско-Разумовская;6
9;Тимирязевская;D1;Тимирязевская;6
9;Дмитровская;D2;Дмитровская;6
9;Савёловская;11;Савёловская;4
9;Савёловская;D1;Савёловская;6
9;Савёловская;D4;Савёловская;6
11;Савёловская;D1;Савёловская;6
11;Савёловская;D4;Савёловская;6
D1;Савёловская;D4;Савёловская;6
9;Цветной бульвар;10;Трубная;4
9;Нагатинская;14;Верхние Котлы;5
9;Севастопольская;11;Каховская;4
9;Бульвар Дмитрия Донского;12;Улица Старокачаловская;4
10;Лианозово;D1;Лианозово;6
10;Окружная;14;Окружная;5
10;Окружная;D1;Окружная;6
14;Окружная;D1;Окружная;6
10;Марьина Роща;11;Марьина Роща;4
10;Марьина Роща;D2;Марьина Роща;6
10;Марьина Роща;D4;Марьина Роща;6
11;Марьина Роща;D2;Марьина Роща;6
11;Марьина Роща;D4;Марьина Роща;6
D2;Марьина Роща;D4;Марьина Роща;6
10;Дубровка;14;Дубровка;5
10;Печатники;11;Печатники;4
11;Нижегородская;15;Нижегородская;1
11;Нижегородская;14;Нижегородская;5
11;Нижегородская;D4;Нижегородская;6
15;Нижегородская;14;Нижегородская;5
15;Нижегородская;D4;Нижегородская;6
14;Нижегородская;D4;Нижегородская;6
11;Лефортово;15;Лефортово;1
11;Народное Ополчение;17;Народное Ополчение;4
11;Аминьевская;D4;Аминьевская;6
11;Новаторская;16;Новаторская;1
14;Шелепиха;17;Шелепиха;5
14;ЗИЛ;16;ЗИЛ;5
14;Крымская;16;Крымская;5
14;Андроновка;D3;Андроновка;6
14;Новохохловская;D2;Новохохловская;6
14;Лихоборы;D3;Лихоборы;6
14;Стрешнево;D2;Стрешнево;6
D1;Тестовская;D4;Тестовская;6
